N,P,K,temperature,humidity,pH,rainfall,label
37.454011884736246,95.07143064099162,73.1993941811405,59.86584841970366,15.601864044243651,15.599452033620265,5.8083612168199465,Rice
86.61761457749351,60.11150117432088,70.80725777960456,2.0584494295802447,96.99098521619943,83.24426408004217,21.233911067827616,Maize
18.182496720710063,18.34045098534338,30.42422429595377,52.475643163223786,43.194501864211574,29.122914019804192,61.18528947223795,Maize
13.949386065204184,29.214464853521815,36.63618432936917,45.606998421703594,78.51759613930136,19.967378215835975,51.42344384136116,Cotton
59.24145688620425,4.645041271999773,60.75448519014384,17.052412368729154,6.505159298527952,94.88855372533332,96.56320330745594,Sugarcane
80.83973481164611,30.46137691733707,9.767211400638388,68.42330265121569,44.01524937396013,12.203823484477883,49.51769101112702,Wheat
3.4388521115218396,90.9320402078782,25.87799816000169,66.2522284353982,31.171107608941096,52.00680211778108,54.67102793432797,Rice
18.485445552552704,96.95846277645586,77.51328233611146,93.9498941564189,89.48273504276489,59.78999788110851,92.18742350231169,Rice
8.84925020519195,19.59828624191452,4.522728891053807,32.53303307632643,38.8677289689482,27.134903177389592,82.87375091519293,Sugarcane
35.67533266935893,28.093450968738075,54.26960831582485,14.092422497476264,80.21969807540397,7.455064367977082,98.68869366005173,Cotton
77.22447692966574,19.87156815341724,0.5522117123602399,81.54614284548342,70.68573438476172,72.90071680409874,77.12703466859458,Cotton
7.4044651734090365,35.84657285442726,11.586905952512971,86.31034258755935,62.329812682755794,33.08980248526492,6.355835028602364,Sugarcane
31.09823217156622,32.518332202674706,72.96061783380641,63.75574713552131,88.72127425763266,47.22149251619493,11.959424593830171,Cotton
71.3244787222995,76.07850486168974,56.127719756949624,77.0967179954561,49.379559636439076,52.27328293819941,42.75410183585496,Rice
2.541912674409519,10.789142699330444,3.142918568673425,63.64104112637804,31.435598107632668,50.85706911647028,90.7566473926093,Rice
24.929222914887493,41.038292303562976,75.55511385430486,22.879816549162246,7.697990982879299,28.9751452913768,16.122128725400444,Wheat
92.96976523425731,80.8120379564417,63.34037565104234,87.14605901877177,80.36720768991145,18.657005888603585,89.25589984899777,Sugarcane
53.93422419156507,80.74401551640625,89.60912999234932,31.800347497186387,11.005192452767677,22.793516254194166,42.71077886262563,Maize
81.80147659224932,86.07305832563435,0.6952130531190703,51.07473025775657,41.7411003148779,22.210781047073024,11.98653673336828,Maize
33.7615171403628,94.29097039125192,32.320293202075526,51.87906217433661,70.30189588951778,36.3629602379294,97.17820827209607,Wheat
96.24472949421113,25.178229582536417,49.72485058923854,30.087830981676966,28.484049437746762,3.6886947354532795,60.956433397989684,Wheat
50.26790232288615,5.147875124998935,27.864646423661142,90.82658859666537,23.95618906669724,14.48948720912231,48.9452760277563,Cotton
98.56504541106007,24.20552715115004,67.21355474058785,76.16196153287176,23.763754399239968,72.82163486118596,36.77831327192532,Wheat
63.23058305935795,63.35297107608947,53.57746840747585,9.02897700544083,83.5302495589238,32.07800649717358,18.651851039985424,Wheat
4.077514155476392,59.08929431882418,67.75643618422824,1.6587828927856152,51.2093058299281,22.649577519793795,64.51727904094498,Maize
17.436642900499145,69.09377381024659,38.67353463005374,93.67299887367345,13.752094414599325,34.10663510502585,11.347352124058908,Cotton
92.46936182785628,87.7339353380981,25.79416277151556,65.99840460341791,81.72222002012158,55.52008115994623,52.965057835600646,Wheat
24.18522909004517,9.310276780589922,89.72157579533267,90.04180571633304,63.31014572732679,33.90297910487007,34.92095746126609,Wheat
72.59556788702393,89.71102599525771,88.70864242651173,77.98755458576238,64.20316461542878,8.413996499504883,16.162871409461378,Cotton
89.85541885270793,60.642905965958995,0.9197051616629648,10.147154286603211,66.35017691080559,0.5061583846218687,16.080805141749867,Sugarcane
54.87337893665861,69.18951976926932,65.19612595026005,22.42693094605598,71.2179221347536,23.724908749680008,32.539969815926774,Cotton
74.64914051180241,64.96328990472146,84.9223410494178,65.76128923003434,56.830860333547164,9.367476782809248,36.77158030594335,Maize
26.520236768172545,24.398964337908357,97.30105547524455,39.30977246667604,89.20465551771133,63.11386259972629,79.48113035416485,Sugarcane
50.26370931051921,57.69038846263591,49.25176938188639,19.52429877980445,72.24521152615053,28.07723624408558,2.431596643145384,Rice
64.54722959071678,17.711067940704893,94.04585843529144,95.39285770025873,91.48643902204485,37.01587002554444,1.5456616528867428,Cotton
92.83185625877253,42.81841483173143,96.66548190436696,96.36199770892529,85.300945546736,29.444889206958567,38.50977286019253,Maize
85.11366715168569,31.692200515627768,16.94927466860925,55.68012624583501,93.6154774160781,69.6029796674973,57.0061170089365,Sugarcane
9.717649377076853,61.500722669916975,99.00538501042632,14.008401523652402,51.832965236373674,87.73730719279554,74.07686177542044,Cotton
69.7015740995268,70.24840839871092,35.94911512197552,29.359184426449335,80.93611554785136,81.01133946791808,86.70723185801037,Wheat
91.32405525564712,51.13423988609378,50.15162946871996,79.82951789667752,64.99639307777652,70.19668772577033,79.57926694361011,Cotton
89.00053418175663,33.79951568515358,37.5582952639944,9.3981939840869,57.8280140996174,3.5942273796742086,46.55980181324602,Rice
54.26446347075766,28.65412521282844,59.08332605690107,3.050024993904943,3.7348188749214417,82.26005606596583,36.019064141126286,Cotton
12.706051265188478,52.224326005480435,76.99935530986109,21.582102749684317,62.28904758190003,8.5347464993768,5.16817211686077,Sugarcane
53.1354631568148,54.06351216101065,63.742990149820656,72.60913337226616,97.58520794625346,51.630034830119534,32.2956472941246,Sugarcane
79.51861947687037,27.083225126207424,43.89714207056361,7.845638134226595,2.535074341545751,96.26484146779251,83.59801205122058,Cotton
69.59742060936979,40.89529444142699,17.329432007084577,15.643704267108605,25.024289816459532,54.92266647061205,71.45959227000624,Sugarcane
66.01973767177313,27.993389694594285,95.48652806631941,73.78969166957685,55.43540525114007,61.17207462343522,41.96000624277899,Wheat
24.773098950115745,35.597267865126156,75.78461104643691,1.4393488629755868,11.607264050691624,4.600264202175275,4.072880231897013,Cotton
85.54605840110072,70.36578593800236,47.41738290873252,9.783416065100148,49.16158751168324,47.34717707805657,17.320186991001517,Wheat
43.385164923797305,39.85047343973734,61.585009805221645,63.50936508676438,4.530400977204452,37.46126146264712,62.58599157142364,Wheat
50.31362585800877,85.64898411883223,65.8693631618945,16.29344270814297,7.056874740042984,64.24192782063156,2.6511310541621813,Maize
58.57755812734633,94.02302414249576,57.5474177875879,38.816992620652194,64.32882184423532,45.825289049151664,54.56167893159349,Cotton
94.14648087765252,38.610263780077425,96.11905638239142,90.53506419560637,19.579113478929642,6.9361300875165455,10.077800137742665,Sugarcane
1.8221825651549728,9.44429607559284,68.30067734163569,7.118864846022898,31.89756302937613,84.48753109694546,2.3271935735825866,Wheat
81.44684825889358,28.185477477339994,11.816482762165625,69.67371653641507,62.8942846779884,87.74720135270529,73.50710438038858,Maize
80.34809303848486,28.203457257130648,17.743954377972283,75.06147516408583,80.6834739267264,99.05051420006733,41.26176769114265,Cotton
37.201808579278314,77.64129607419969,34.08035402530179,93.07573256035647,85.84127518430118,42.89940273750184,75.08710677914974,Cotton
75.45428740846823,10.31238688359326,90.25529066795667,50.525237244785714,82.64574661077417,32.00496010306117,89.55232284962005,Rice
38.92016787341631,1.083765148029836,90.53819764192636,9.128667678613356,31.93136375904149,95.0061967050805,95.06071469375561,Rice
57.34378881232861,63.183721216979926,44.84455219783198,29.321077169806454,32.8664545369916,67.25184560770384,75.237452943768,Wheat
79.15790437258485,78.96181427945538,9.120610304869036,49.442030470258146,5.755876001664428,54.95288823237355,44.1530501373377,Rice
88.77041827582998,35.09150125520787,11.706701642760587,14.299168205283586,76.15106317174723,61.82180633162611,10.112267612279025,Wheat
8.410680611499743,70.096913145912,7.276300636419353,82.18600592903562,70.62422271564962,8.134878064189976,8.483771408519193,Sugarcane
98.66395785011754,37.427079575612034,37.06421470668909,81.27995672575025,94.72485773838586,98.6001063822871,75.33781852589416,Wheat
37.62595855309158,8.350071669866876,77.71469159274368,55.840424973580504,42.42220092469763,90.6354385094736,11.119748230615134,Rice
49.262510429085914,1.1353644767419069,46.86606419941263,5.630327568183735,11.881791626807193,11.752624677710488,64.92103021160635,Sugarcane
74.60448792654233,58.336876509715964,96.21725484745419,37.48705795237041,28.571208628186074,86.85991281894603,22.359583851945263,Rice
96.32225394406113,1.2154474689816341,96.98788267076391,4.315991195057611,89.11431136980711,52.77011090862999,99.29647961193004,Wheat
7.379656473539886,55.38542844013208,96.9302535619099,52.30978441701488,62.93986381352625,69.57486889846172,45.454106476777326,Maize
62.75580800840635,58.43143119231002,90.11580104909889,4.5446380341457875,28.096318959223034,95.04114840765587,89.02637838909163,Cotton
45.56567527857129,62.013259780153675,27.738118298113267,18.81211597237613,46.36984049399822,35.33522280260528,58.365611185087204,Rice
7.773463696498483,97.43948076661665,98.62107444796028,69.81617140197451,53.60963663441204,30.952761628632775,81.37950197069486,Wheat
68.47311725538793,16.26169393448913,91.09271844938425,82.2537242923169,94.9799913291924,72.571950838836,61.34151959357899,Sugarcane
41.82430362906189,93.27284833540132,86.60638895004084,4.521867010618941,2.6366974497252005,37.64633668780496,81.0553330781833,Rice
98.72761293149445,15.041689110352818,59.41307153521351,38.08908566310215,96.99143978146031,84.21189231357087,83.83287047111378,Rice
46.86931597949703,41.48195023376652,27.340707193070624,5.6375496650927115,86.47223762550531,81.29010091300776,99.97176732861305,Cotton
99.66368370739053,55.543170560262745,76.89874151805105,94.47657298824281,84.96473906774115,24.734810174319765,45.05441353100935,Wheat
12.915941515149498,95.40510272587224,60.617463445088006,22.864280550346272,67.17006844058567,61.81282404578958,35.81627180328405,Maize
11.355759219962902,67.15731955927996,52.03077009037933,77.23183917356393,52.01635011119934,85.21815003185401,55.190683877448556,Sugarcane
56.093797153538624,87.66536026583451,40.3482866212397,13.401522845064074,2.8782676313338973,75.5137255673619,62.03095513534647,Wheat
70.40797680992236,21.296416150891073,13.637147558676975,1.4544665667881929,35.058755880659696,58.991768685463306,39.22440450997323,Sugarcane
43.747492202372904,90.41586944937484,34.82554670233004,51.39894891598108,78.3653012741143,39.65427823212701,62.20867002278735,Rice
86.23637087467452,94.9520623657642,14.707348092903793,92.65876251614944,49.21162930795382,25.824438829895836,45.913575623826134,Cotton
98.0032575285477,49.26180939928696,32.875161028750824,63.34008543167258,24.014561877819308,7.586332810866391,12.887972191064922,Cotton
12.804583895777244,15.190269351229436,13.882717264941014,64.08747448032146,18.188008439914483,34.56672833238632,89.67884099060119,Maize
47.39616402628724,66.75577385210272,17.231987120162984,19.228901880867078,4.086861626647886,16.893506307216455,27.85903390319586,Cotton
17.70104842767468,8.87025337570556,12.06358711006008,46.077876803272574,20.63337184057925,36.42698610480755,50.34172708548569,Rice
69.03948286293652,3.9312139841098936,79.94103989090426,62.79003894909078,8.17590319488719,87.35786241067773,92.08724005318132,Maize
6.107795985486375,27.687764814720374,80.62012797930613,74.82596903836584,18.45210193563773,20.93493233367103,37.0472102791382,Wheat
48.45229851910213,61.825477153029595,36.891363956977244,46.25347161331479,74.74709381337566,3.66832028905979,25.243694434402077,Cotton
71.33495858845524,89.52068376871993,51.167744211566614,53.211348526531566,10.717201133977605,44.741236682345466,53.261726645502314,Maize
24.247050363472965,26.924323094938096,37.728416310462265,2.007119777772637,32.20791655831783,21.144800699654464,32.74973521779147,Rice
11.976213181925122,89.0527280739895,59.359245355404866,67.91023191444896,78.91712386073382,49.84421989290573,8.69202880874237,Sugarcane
53.71065418185478,58.68411180208791,74.54394741843299,43.16595462296794,12.758030279556376,28.377590579872447,36.30822963986351,Sugarcane
64.59172413316013,57.077830466891186,35.60967258978462,98.65152487929797,60.577481935688716,23.72267917359945,10.178247262040374,Rice
15.285913918433202,24.595772838450813,16.06813732595557,18.656702405130577,28.50951686938471,17.33735952947548,89.67654246264252,Rice
8.023374566164222,52.451138957025464,41.03968269896615,98.23786169086064,11.203890216805235,39.785559904574164,96.94704332753689,Sugarcane
86.55071258939803,81.707207094928,25.790282704493983,17.088758739006582,66.8643219924431,92.93759891275857,55.67628930139298,Maize
57.161268946989985,27.997909366028416,76.94929331919369,18.704374855752338,32.367923640424365,42.54364386164168,50.7610378684455,Sugarcane
24.240973241508023,11.483682473920354,61.06200424416326,28.863055324025577,58.123822142261226,15.436271527420232,48.114010185481746,Rice
53.258943255158584,5.182353682242691,33.660427819392055,13.441467693897424,6.337497047276774,98.99602323899452,32.235384497472296,Cotton
80.98744458546349,25.464065476376383,68.15027222239293,76.02278598896865,59.56387406078443,47.15761885501584,41.18409141472685,Wheat
34.88682665429953,92.95291442478259,83.06194077877291,96.50269106665125,12.429722348554472,73.08674752036443,93.83404568210378,Cotton
18.123306616566015,6.6496267366777495,74.11206492900591,57.44731131799119,84.1828776758272,13.97723766262895,79.52673118598902,Cotton
20.162732004774455,16.36559428657045,16.426579793099293,81.45747202313821,66.51972206962002,52.30654247691193,35.88304841235025,Rice
87.72005408131082,39.244510742263536,81.65994394715771,43.91349085702184,37.69444294249076,46.26797856696064,30.13778741641421,Sugarcane
74.76093801762511,50.27203900924791,23.22126951468173,89.95745732745685,38.38912213732114,54.35528611139886,90.6472110964547,Maize
62.42379959139921,11.689804070836407,93.98321236134751,62.770805307141785,33.49056146570861,13.927207266338726,79.4025189270296,Cotton
62.00727559285135,53.34610919763215,89.38925830509577,78.85972112245308,15.167487973275119,31.172206779554823,24.848913981446575,Sugarcane
74.3946292572677,3.353243473577938,56.98896848713165,76.24586857406905,87.67656367617495,34.20817487159075,82.12573046720128,Maize
11.063173695520723,84.64522917345182,12.748866233198243,39.72872905603673,79.72953657795536,14.991742734877377,22.92513952326415,Cotton
72.22525683930662,72.00365365460743,64.11476328852973,69.39484444671,54.27244433475962,25.179905890695274,34.56959935039195,Maize
18.159771680142565,90.84505613336283,58.339179476612046,40.08514167636399,46.20058036441327,94.72833396118153,15.33514031160802,Sugarcane
58.62298320167972,50.5888678884466,61.14542354346478,1.8110183820840509,87.21239089441515,93.21182824836124,56.51331835892089,Wheat
69.66508238768922,92.24993811772957,70.72386343133986,15.253904291426135,57.62883601668132,60.67150463828559,42.4130671302386,Sugarcane
73.64442356247228,93.43670147690149,92.55685129067763,45.08393714041321,11.323804584075525,98.48411989623345,83.88980864459342,Rice
12.466268120326685,92.08418826173724,86.98963620621282,51.88380571260721,59.127543574492925,39.90027038701302,5.476163882203133,Maize
33.519724164590095,80.28534485980114,0.4632023004602859,33.34991716911442,39.81686935909433,53.73956029379229,91.98556164127605,Wheat
34.634599436596126,34.69532018962277,73.75012481097484,45.221794088980715,22.460482293998197,45.24395161326934,14.085702037979985,Maize
17.63869865062233,49.83677727394797,41.89254495045479,91.48459010681,36.23938991166331,58.05883502780434,63.22642879195304,Maize
1.3094456588333636,66.35373720167107,17.803596686975144,96.10703174694551,14.866272775311295,41.462412372702374,8.534966807864386,Cotton
99.68742518459473,50.21950103312426,59.53850173200438,6.7076477388427485,74.99604703991778,20.990559309558577,89.80542894407138,Rice
20.513964048200716,19.068772066366655,3.654966784809488,47.206694510999924,56.48411332626164,6.570863942835237,77.55276166950105,Maize
45.32888347480276,52.439026932758004,44.07627469382282,40.0763060875326,55.96403313082179,15.52402459307125,18.19281304952711,Sugarcane
86.17856210135173,94.61154621336327,37.330931627975296,27.074467314355378,64.39995432390158,40.87341710980964,2.538635566034486,Sugarcane
15.615259736619036,71.59722288473975,65.89239419101514,2.709599250348349,22.197216193294945,23.10747965880714,67.18927435987284,Cotton
1.9710537754364155,10.410858198457385,79.99160853731894,17.85446620543336,65.27461078518748,23.81827810467265,9.944139275934516,Rice
24.317219099945408,72.22669318556592,85.56964681062857,83.02198645669915,39.71835296184548,66.80851365706462,20.498429541582098,Rice
29.314773026101328,89.63358185211197,1.3001923510736035,8.550853085446807,20.78862551460273,2.6532203873819715,18.143543508979732,Sugarcane
58.304156096969216,42.1424550592498,89.26717110769748,81.7443561738441,34.1817351697876,25.94234334312925,37.96924081672669,Wheat
59.02949425148078,26.806364082287626,62.4148907849134,40.941165219124045,55.204718085198024,43.61265291353167,29.44657595419177,Cotton
94.84533069621567,76.36057941597608,14.011317576645254,86.84679758979128,48.743119824951364,89.45522268940914,79.98552559473153,Cotton
42.52135044692334,2.24693083201174,26.867735938494608,54.16342146608669,63.347821982614725,25.788768543320227,13.935607407282413,Sugarcane
83.4930236799299,98.44021807035521,52.56901823026858,17.16792858483035,27.230732651936897,1.8390676547466733,91.4298806560499,Sugarcane
11.775108289014113,57.651647551425356,27.4055220687206,55.417800251579344,65.14203883518643,82.97418037072016,20.64212717606032,Wheat
1.0995828658480478,13.688563006880727,90.00186418481051,87.38900775625153,59.74131021703083,60.051686043365336,66.50366745462554,Wheat
17.53712786234496,91.44119459249598,41.87705248920731,38.31385282494975,51.89177052828376,4.696596677505505,16.628336875607943,Rice
73.80336164263704,8.279866792512646,60.31521094663882,24.534910968132095,38.929561404197656,28.869373677069987,35.567271646494916,Cotton
71.90459051842456,29.7121715623175,56.64046402968972,47.60504021990997,66.36711653626482,93.6829739324758,73.25720972102503,Cotton
21.494037859075675,3.1183135061284672,26.22640442998251,59.507793070025485,5.1425813484250344,49.636624720123635,59.68428489168892,Sugarcane
33.424389081696084,77.09122037458219,10.65982531337718,7.513778173580876,72.81887562036033,49.549131620619846,68.84023964277361,Rice
43.48273386037462,24.640203323910683,81.91023176741997,79.94158789689793,69.46964708544267,27.21451372299627,59.023066686908706,Cotton
36.09738969400268,9.158207332663416,91.73135754622427,13.68186309189614,95.02373538208025,44.600577295795574,18.513292883861965,Rice
54.190094737835814,87.29458358764083,73.22248864095612,80.65611478614497,65.87833667107174,69.22765645178525,84.91956515653193,Rice
24.966800885918595,48.942496364314046,22.120944181960223,98.7668007996647,94.40593396866133,3.94268113685059,70.55751725156884,Sugarcane
92.52483174156659,18.057534512733355,56.79452305526295,91.54882975880419,3.394597858579884,69.742026724684,29.734900737255078,Rice
92.43961953765304,97.10582451653677,94.42664891134339,47.42142166574638,86.20426509893134,84.45493985350704,31.910047324325564,Wheat
82.89154741506773,3.700763471549262,59.6269878482053,23.000883728770305,12.056688577727881,7.695320162920916,69.62887758781397,Wheat
33.98749637680661,72.47667715287615,6.535634079894237,31.529033783061035,53.949129237533725,79.07231648389636,31.875250293206992,Maize
62.58913764370091,88.5977748236187,61.58631881823046,23.295947475363377,2.440078155653802,87.00988739009298,2.126941085038714,Sugarcane
87.47016726841994,52.8937134027212,93.90676985128962,79.87832357736654,99.79341105333374,35.071181545171015,76.71882889311269,Maize
40.193091360924214,47.98756203039088,62.75054632183701,87.36771141863387,98.40834691992951,76.82734138645182,41.77667821673337,Wheat
42.13570022770702,73.75823015888915,23.877714576830233,11.047411313139467,35.462215764077655,28.723899165408174,29.630812045599008,Maize
23.360775104990992,4.209318963636188,1.787393473341381,98.77223897360315,42.77731337358623,38.432664715968166,67.96472826930699,Sugarcane
21.825388786506416,94.99611839502253,78.6345014415552,8.94110023122595,41.75807757849284,87.91183075621647,94.47320222914102,Sugarcane
46.74015112498697,61.34113892107077,16.70339460920752,99.11686261369765,23.16717013834434,94.27317741351257,64.96466489923685,Rice
60.773679487885914,51.26885110165086,23.06698117177587,17.652803200550828,22.048620907017536,18.643826214425452,77.95844735667534,Cotton
35.01252591667301,5.784267656339637,96.91026301408114,88.37858849634257,92.77522831952129,99.49078226464353,17.38952492194873,Rice
39.62420189026587,75.82384757040913,69.60206180537922,15.389590633985506,81.58331249906178,22.444057183666068,22.38176148226231,Sugarcane
53.69744228934136,59.293993484170315,58.00862078378112,9.148683739775487,87.74608626303804,26.560004258870606,12.951492128280417,Wheat
88.87480798689772,95.56514982297534,86.21276172654507,80.95160747248781,65.52419806390218,55.08573706091393,8.698675991141014,Wheat
40.845321307069874,37.2688517012314,25.97537837603262,72.3420113688585,49.58757350787708,8.104621590764793,22.018320194981133,Rice
68.32587636595959,7.613085949030019,85.12069140487687,49.51465270139743,48.0586577326648,59.24077846595176,82.46809659251491,Sugarcane
34.780920790219305,67.80161525590636,56.5731963995791,26.70282701694213,87.8629986355158,79.74260216069281,65.84518346584255,Wheat
85.05817290942419,86.72942009598023,70.83629767150347,83.7013328363672,69.74714616692836,68.01407717603004,61.86113782151843,Sugarcane
75.27166395576413,15.86051052930737,88.08707591989284,87.1843527745232,2.9247283034559146,82.58167505647627,12.886986747344519,Wheat
33.51188542591419,74.35082562916078,16.07598960483082,81.79670241190622,83.21341779577419,50.746773376083624,0.638587171683358,Sugarcane
28.703813317491278,61.69269183757422,98.11861780274235,63.18135270166684,25.98035810641598,63.40057030996113,53.99853797158555,Maize
77.98453951511436,10.698063882695841,76.1027902502028,54.12665786761103,96.29920038589947,34.187216603868606,63.26218931339481,Sugarcane
93.20281055100175,10.250972799067926,93.72284872364511,68.78857223008133,6.78370591051719,30.096356694681624,70.81720886452815,Sugarcane
6.73506014687717,58.217046017627325,34.588305695295674,62.091551776747714,4.5742033812512854,87.15368061523763,97.3488969177397,Rice
96.88778552856915,74.96518317429248,13.008624013063198,75.82631959290225,2.458691645880151,2.2123551528997254,32.36102191495412,Maize
48.864319040466576,77.04074178077931,68.32953766065052,44.590270637674834,27.362666628166586,99.71245001577111,42.6181302235973,Cotton
45.13870243296755,16.362382119166917,79.48095487499293,69.36822257814886,22.07696127887604,8.238104561584269,68.0499302074713,Rice
65.45112142811352,27.32595269982093,95.08635622504103,15.105789178090024,43.23348010426019,94.36159201675989,41.97273169261223,Cotton
63.85259476640856,39.75943979627943,27.421520234867003,98.39776479598282,40.9334006315043,89.40992036791344,22.995460589108617,Wheat
21.31047040250833,3.113408288451136,65.1666825375885,36.852634372376116,86.4358249839637,47.32099066915572,96.81934279147217,Cotton
18.552551570312115,86.86231679556109,77.65968527917417,77.0921844644052,84.47832281168877,76.10239909429988,62.62203216314154,Sugarcane
13.124487768238758,3.2526179491251916,92.08478478156869,61.665031452073805,79.65372909761763,48.152235151255006,11.730818896239448,Cotton
12.518579220255043,68.55652872289714,43.030589489946266,20.052472670033673,49.15945467414369,6.420893707513409,58.19714019143988,Rice
26.899340443509768,79.75591006371882,31.036195892357377,45.52201490818012,1.1620539908100636,7.244688779455888,39.24935564066848,Rice
47.99388347171235,60.00205481193037,29.166257870930323,69.49818861265426,86.01223971892045,77.98509888933498,3.9618825348357145,Cotton
48.0506947257829,10.493017841817487,24.204501586252746,98.66625932671465,14.249554290151323,49.888815345135605,61.81557343181191,Rice
70.2464970544104,55.96486834869141,0.9770847419183659,32.64613082439919,51.771164338471145,8.786649914483336,35.06269312091808,Rice
3.3203108791366565,7.857849715502074,39.69232762015961,13.271575404306034,56.75408482615582,68.94649691372658,80.05866991090829,Cotton
20.01502442448101,16.748258225906977,10.456784033440025,63.64302495436367,70.64757264869012,3.1586144825642037,93.62122462436898,Maize
5.1971283651472415,54.12963353010704,70.90605194509165,87.09691237460856,71.40869321324278,80.17280830697918,33.94501925428061,Maize
81.48251137465122,8.011484638467515,89.48166560605276,54.75923761537362,81.72977699624937,45.23182845183001,64.35776951965249,Wheat
52.640266093611324,73.15895217553319,8.162998203058958,6.03520839905638,24.710323401014644,15.954468011318834,87.17835665922017,Rice
21.92139873580443,97.58652558191314,33.68957917711069,18.211791568869927,78.96985071424791,65.87077755008761,49.8195716453139,Cotton
55.53635509376312,71.92017782722638,22.845474133129873,99.63339160567419,97.4793162146783,65.03256863469369,19.954245092914512,Rice
68.02282424312914,7.219840897917584,3.0652502205806065,25.76828885112137,46.26229567393163,86.82725054083805,72.7169069766308,Sugarcane
74.2706521199981,42.54933344480754,34.59349925469629,37.10387629846027,98.76495637360578,4.010919141248248,86.70314961224486,Rice
57.86754085723934,43.86154191895905,72.52576604151365,48.666894142470284,87.34232380816606,90.07018640112585,42.17209268734554,Rice
27.682779723505156,59.23503285933622,91.2363345616691,21.066218900566657,62.296658356348274,63.156022009252055,73.3113022415281,Maize
13.15676851272598,71.58249646820886,90.9032520665641,17.968310887024195,23.754332492387764,97.13950940416396,18.097695270948975,Cotton
85.4385093369579,49.227785644803475,24.723107440317705,87.07499012725114,44.53052550026655,51.48173539296902,35.92333693997657,Rice
59.29508514349274,16.352387258502276,39.10815366517607,96.94123223352875,25.813343270112753,65.67366645412922,32.51900642246949,Maize
77.34731256866006,13.087366071834982,96.98210450785447,45.37895413836392,23.605046334646396,7.349674733001265,16.975790508754073,Wheat
51.977394855601766,33.70031764312863,82.88833658826094,43.08875236618059,24.871427258762992,61.714498660403,70.67772168854458,Maize
16.704190790094987,16.761921628831765,3.667142693354297,73.64020150656405,66.38045276218051,47.46308757498139,84.41704489691972,Maize
80.56701529500532,58.535436439675216,86.82712805132586,20.584121003676824,11.191961939772789,26.974961151698963,5.708685608931486,Maize
53.1169528001032,93.66056922949615,3.9343540668509647,12.21099140100268,45.21990282834353,93.38750175279048,31.61561049767505,Rice
50.723480868839246,4.15728590503921,14.834320096208886,98.66301229588468,96.51186964360456,0.49399809344096157,95.18117854232389,Rice
63.91199378155004,86.79182945200222,45.47398556338591,51.55960285792502,48.88465802569202,66.68642575461044,13.96512547563129,Wheat
2.9973589872677953,30.79299415911909,70.46807627366466,20.185345212294838,67.34324333249174,96.99120461072704,9.39007157894184,Sugarcane
67.26021182251263,44.375021930457116,86.81422543775054,17.71497894473859,69.26259522261645,83.81152896481102,94.46142194740233,Sugarcane
68.32480282896458,49.71747640084273,61.78472402012139,86.89049844787182,57.060974663882966,3.038705969683686,93.09486955069778,Sugarcane
68.95267510315611,67.65133857772466,21.567515239771716,65.88854702326572,39.386440565415846,65.12329770414921,10.659303030799073,Wheat
65.7845304603036,99.94137257706666,4.821203886055603,97.71741842213173,40.690796072287064,87.07534503372591,78.23854840582734,Sugarcane
56.70162609866678,73.84492092513266,87.8515561301348,40.4140321651033,32.70331615632387,66.75933855635847,80.78459419412586,Sugarcane
76.22851347766158,79.78136488586345,43.5583314812933,81.78342161750216,12.020905537060845,54.448909796084955,0.575866049812157,Maize
32.45858299002703,36.646153487139784,39.61726916092554,69.54672066898621,38.85581012703457,44.86936226225306,23.754413087432745,Rice
37.325179162934006,22.726962726315147,7.319592376844364,60.34485933813779,66.82127985550163,61.94903460096145,46.34940438005724,Rice
37.978578017922985,86.33336495718252,51.908178513621806,47.9181877629731,2.5642065806435688,34.12478276261564,38.019561878585705,Maize
39.88227808969005,58.017236922733225,53.360254672687844,60.79050927934446,76.48832615421283,81.29857387160935,71.81230762264944,Maize
95.55236959549347,1.823258267636163,19.57779856835461,0.756287497814212,64.7474714154603,89.8030548949987,24.34822965762993,Maize
92.70345447963066,6.026739028956085,93.44360268055144,35.16226872396344,10.142082844921651,48.58717591863256,25.677656772050796,Rice
28.487290196192284,30.728996492628657,80.30258978326634,53.91612766752545,31.130769915600364,61.03337833109184,71.61506742231936,Sugarcane
27.262400073353376,41.354910152535155,12.188609333694755,18.11493495346803,68.11178539649828,18.143834769562694,52.516338366706016,Maize
70.90462617224327,10.687692309474384,56.73122196289035,25.656278370136377,96.29268752375798,48.35456467199247,80.59925497751581,Wheat
55.022654215626176,4.341253285481916,63.31513755940223,95.14033422066571,60.16118201463312,81.91888594267903,88.42064633484078,Maize
22.807977194893247,21.204483990822666,61.09809888509917,41.10284698067047,83.98613028667204,90.00231233980112,35.34213793027181,Cotton
23.687055897448207,78.05255152438619,27.48060355481361,82.26143185136785,42.37382536487628,66.75498992914704,9.553531383466819,Maize
62.3859324676573,45.17676787372291,58.66084631754741,16.801420774486342,73.68737449441821,86.27970775432286,21.673980009077564,Rice
9.571455552016172,2.3638586046336396,64.1971500443266,60.70940360887808,54.669741271407005,23.194709611597542,39.09059959055147,Maize
59.4476335186173,49.67668588591694,98.77855202148874,13.643975255673313,69.51445540475937,40.431876810429216,42.819961492561475,Cotton
71.75977656581762,69.24361513243696,99.12559937021884,12.839428945412523,10.410964938416633,72.43388171287411,57.83869170064091,Wheat
27.416066655980586,7.9419368988986605,8.565824959643054,89.41908746641182,19.18673247187429,32.33715621155208,22.6656402226988,Sugarcane
35.49963058319373,6.942384274609337,51.90597909082704,6.76125635922149,80.03565078223616,23.3712081910433,54.00119146045106,Maize
88.00790875614582,65.08773690471942,53.29577865513353,32.43337531153756,33.300191305819794,66.94869551981901,99.41393612211675,Cotton
66.18391898493786,55.77834173700249,73.06505102392461,46.52056122837182,6.0142342600785215,56.22968158779098,95.76252845053801,Cotton
17.530294235765965,69.00048908206658,20.093368865905646,53.582768447308126,9.667644964671961,45.037093625818514,75.61633288952461,Wheat
34.757152423898205,66.4911724487218,79.54499607897291,92.71778194794527,23.464208185545353,39.931591580930814,15.241601333041743,Rice
99.24835021583752,92.70009679242953,53.99571302805596,84.20332943764213,52.09579772720422,62.35856880027597,8.912443211601662,Maize
75.52704204968079,12.771348363523483,82.60676302525283,78.20280876703859,70.87446977429764,3.6160380524762115,30.31283559453286,Cotton
26.311256991084285,36.01364074715191,8.764274676383854,93.69578230310628,55.38022407123763,30.552431065802356,39.698151707428345,Wheat
44.72025405048357,60.05943333606173,51.567942769649775,91.93919732144174,49.696348290583025,99.21580148233127,85.14249577450957,Sugarcane
20.85105143573358,93.05952146439162,11.636639788547608,81.74497084911916,38.06232934765801,87.79743204450695,86.80566901074504,Cotton
80.59254001176211,79.00304363070614,30.46791390980408,8.091928305125219,40.29801787651615,17.35245149865087,69.49510889024617,Wheat
34.609972653778556,97.56102008599149,64.0972077345332,82.24805636343609,13.252467274184843,86.20144822726226,92.27571905133944,Rice
48.70619188189359,60.625293775097745,76.48098009029954,17.483862726041256,50.25660764634424,39.86630277723131,14.63739921622491,Rice
36.753442229153144,6.817230938549357,2.5811906949486985,13.516628915482276,96.31151115891738,54.952953589501696,96.582216115322,Cotton
43.2497878330132,31.181613308525957,50.61418628402441,43.95116886329101,10.566468426174392,64.08263146902063,21.60381825095996,Cotton
61.95879548978296,65.02010923981534,15.20248531286481,6.134962711066816,78.07615860684398,45.98004237693202,5.816379550547579,Maize
99.48663171697672,5.778056099636664,69.50352288585532,98.36789252634136,23.918010421592562,14.224936868719617,12.138493942242889,Wheat
30.327514756759555,10.10458110106467,69.2161341694132,6.229179813006269,50.94221281497897,99.66968538529768,81.39702695060188,Cotton
61.52194382310109,30.625362078661166,62.389583629163845,52.70414639116516,42.60833838903715,13.071037674019948,88.66042152404667,Maize
44.97846488213225,19.462251182076507,36.77593508772896,41.4129752528927,82.75378955668742,73.3614380561402,76.93048936413398,Maize
1.1031264428647214,41.615399817976154,48.13441516353236,1.9192276823056686,25.98132087450342,76.0289823122135,13.710970572899905,Cotton
53.531013145259166,21.52018720172375,1.2120774643893273,24.12014575995415,97.58737549100537,80.15371118829896,95.95766443210334,Rice
48.785404392636245,10.973619867750351,54.79594889736929,45.43773345599609,84.4357082739616,9.808258078424458,48.82411370217782,Wheat
15.004866469398426,32.467592689006,73.73570773877996,47.601812936876655,37.58882851457693,39.44762785700353,45.94467684059866,Wheat
78.50165438370568,89.20846889402344,95.53346865039283,78.6903386255295,31.540689574801274,68.81347060865421,43.760312405539196,Rice
25.467062204605117,84.08715794259226,3.8426348962324997,90.17619921354235,46.147746462473414,63.72014768082804,65.93539222057827,Cotton
89.51177407065364,63.66696821672073,61.39335847600618,6.665204056068996,51.84080219452041,15.016900081704165,73.74337687214856,Wheat
51.22219208126745,68.02277792083532,4.167290060238427,8.479201604580322,71.63233880626822,7.208433599867337,7.12567277652586,Cotton
1.210847523488745,95.65013982994802,73.75083594590069,35.32514085020642,29.65355812876552,34.97032297458495,77.46535311811819,Cotton
66.13706110704143,18.519556786746794,17.410933533408436,9.839564971339732,66.03027197013381,76.43726622217359,26.5046428325004,Maize
2.094496103091281,8.217166747642734,96.78600348450304,29.544477747742025,76.92231478381336,62.46635688542638,38.19396396528959,Rice
20.56872621955551,12.138641815940643,61.50129680388666,77.4633780637788,64.39042535411306,53.030213324915835,4.195122343163627,Cotton
96.84887775943838,79.87141916545745,29.282203670096475,97.99703293588506,60.18815896363221,58.24226582072465,74.8073179429532,Sugarcane
81.17697880901376,65.64786073315027,12.809574636620003,33.82675059944984,92.80836403260497,22.461561184385193,37.21670238375133,Rice
43.2076882944196,43.940498969445215,61.29395824945255,94.30758377447076,24.069271183250496,12.150137630091805,19.747048985993732,Wheat
88.69249002092695,64.5810812655206,28.590678923916013,81.59469389686173,86.1369996363436,84.6514338690278,91.89265336395545,Maize
25.224102017336158,75.50419287462783,46.053949727414,84.19985528900615,72.84906771616131,77.64474464997247,65.61618376810715,Wheat
17.742876946970686,54.502691889693835,98.46697395245081,93.73880664971189,4.317373579701167,16.481481572943714,13.172877345456191,Wheat
72.59799099852955,81.77853298569451,21.35113663106719,50.5852692951829,84.07030280112,73.28015447662506,54.223720549184826,Rice
59.03476904587729,50.83605469162799,29.754845131882057,56.50219928590161,68.88853020500906,87.33229158608077,63.629135397924806,Wheat
76.1121537043158,16.0071634954573,46.15574744197899,0.9331619827093296,24.667886452162303,72.64617151130048,99.18099513493634,Cotton
9.917809958721591,40.14943158612883,80.00709686991596,20.403563462889885,55.50849493022862,73.30712960296748,61.5985450260179,Wheat
18.802473461541613,35.538456868573945,78.37917844853972,55.42265141320166,0.5229613542912737,76.09907600280938,3.531135494023907,Maize
74.57337827312321,20.24805601652374,95.80734801193802,36.79407513020845,32.69316163380791,14.888805033244468,30.560421549021488,Maize
87.66507618282006,99.63343376272474,36.83095305068483,44.861063095454256,72.2070938202737,88.61957804650746,59.304433418678414,Sugarcane
39.15256981778293,41.262184084862376,69.56181464968068,0.32182636042786816,61.95893374598407,35.54930104413574,79.41973312770843,Maize
9.299063982313216,58.82022669483905,48.09728898861238,64.23255259052274,6.485359448296835,57.99837874281313,56.14845879595237,Wheat
56.06600944161709,60.34876665964548,67.64679372263622,80.49889996807697,26.982072012821433,82.5049410180062,49.82556822634536,Maize
7.705827913433117,5.85509292439792,33.42383186960608,78.48969771114676,70.76809347409157,78.86149646724064,51.72690564416094,Rice
44.01989979554906,14.745252670628394,32.81927536093116,43.40193661738753,8.860042967961723,22.061195271121125,59.82252940637388,Maize
73.56631142391899,99.83475113929497,93.31133313435576,64.25651995351916,42.1248053294072,63.617736470823274,78.56516180802319,Cotton
11.833619092338733,40.99048896962883,83.98022856356172,38.3832951933044,57.18722712271865,58.77693608621982,18.447625313363936,Rice
36.22354416522884,33.451128874193216,2.6196708532064794,2.4191763891355245,83.16970436757735,27.30708099728124,51.80787662388154,Sugarcane
29.872557358877305,94.06792451153404,25.929675886577375,42.96568127389351,87.27302504846018,84.19335667918087,18.610141784627732,Cotton
80.26433097957104,45.81868867378927,48.29688720853552,13.347997241594378,8.060151375712465,72.79393069737652,49.646115235529976,Wheat
43.68507026151796,72.95082286523967,76.55128989911097,15.890816766935355,61.02251494776413,13.535408227768553,75.13750860290457,Wheat
65.69551562671396,95.6614621083458,6.895801635642118,5.705472115125431,28.218707469320016,26.170568373590598,24.697879907199983,Wheat
90.62545805210367,24.95461998495061,27.1949726128631,75.93982624179637,44.973984245054,77.67105569551812,6.536615756438524,Cotton
48.75711936733843,3.3613600183282633,6.265320345535452,90.64374533444109,13.924537111759516,53.24206822752171,41.10956026007065,Cotton
34.73433262588427,89.98333456872724,2.18233967754895,66.37896861755891,96.33944342135504,56.016818346184195,93.68224620330918,Cotton
5.225787928602377,41.87933190741614,26.015779096205115,73.08209649807299,98.12970904972467,25.65300624442478,65.41746014740745,Rice
19.809763275974014,56.53302545716099,46.39324866883362,97.2005329631537,60.85272726964666,34.950637208681876,11.409578488793336,Rice
15.124682873493455,22.53169299512351,25.0966661340298,85.06160578411378,56.12227882825249,52.33909113743665,11.476887186921747,Wheat
86.0139693349435,72.28143032084837,6.766836190000158,70.78350972297687,54.353821734264606,8.172534574677826,45.830064152865646,Maize
48.469628713004695,16.577454016327575,94.56981470002823,84.99753714806619,66.90223373291083,46.22955610006072,41.17655415845085,Wheat
65.09734671509541,54.543186940690546,6.227310588188562,51.25026487703317,80.64036172328395,45.923987759695805,5.195657755426842,Sugarcane
78.6278199384033,20.13637821359744,25.862083488803876,16.47063534322959,33.02150648714976,75.6751505688635,51.93858595039374,Rice
20.488127415071254,87.78300781520409,87.95818549515292,87.05784250460069,23.87962113815393,45.12393441809881,98.49896561408751,Cotton
77.20124763099903,2.716742122555982,6.5204591260492055,46.39313768123328,90.92202058615601,53.870179795271426,49.781250803429025,Rice
10.547369995663058,65.6780104724294,82.21031606002255,38.04200075075623,77.56118509253275,96.44766539008116,20.376645912768907,Cotton
52.33296311947413,28.713795808457554,79.28544190338394,57.75933658811575,63.45824175503038,79.79141596158941,39.59704726624549,Sugarcane
91.50900684070432,53.302886724614,15.7954822835348,69.58991181688025,79.32613504382545,31.67616770675267,85.7179256998753,Sugarcane
90.61432547657664,27.690448737780894,98.3521472715222,14.071152804875842,20.201566840248997,18.422483923802613,89.39897100078704,Rice
65.42925523249619,15.210428322227287,44.032341836834895,61.529802506980204,8.34640849893833,88.24163684073388,80.36035354415351,Cotton
50.52067735766382,96.71266152591704,41.77609792750997,98.41103190364979,66.79199988036271,63.467127325394145,16.5954895295785,Sugarcane
88.1927758304644,42.74896879206152,16.223340578247935,1.260751997575904,55.975568363838256,52.739962212267635,71.93536223691585,Wheat
89.02580530178021,7.9406584643029525,73.14964903403623,18.741194409758222,85.8177053157164,81.90635138616561,54.07937549855444,Wheat
71.02427986233116,31.43501131837484,47.116789893281464,82.16368977104716,45.92651971732139,35.77982653254418,49.421244725029986,Cotton
82.82492524372184,33.520804737087275,17.37615931357438,71.20140203307808,82.59782127080818,10.063747852353334,23.98741127559447,Rice
14.19719897609939,34.79414115821666,45.035097890541266,74.88263369633064,65.11475848816741,62.092856747843115,35.23749466096544,Sugarcane
84.144755308476,47.128716739816454,97.91049380151546,63.41421382957368,12.626474156450273,67.6177562075434,32.5104015431699,Rice
68.63271966860974,6.964114816240574,17.48814371759594,85.57372589057863,22.71795570235149,83.704112524294,27.927608845441043,Wheat
64.28819100587077,69.4150573509831,51.265475314505295,30.531067669673128,21.264437637109612,3.318935456242622,30.39464012407238,Sugarcane
65.3162790531283,93.83048184484826,87.1204482263052,76.60647765353026,78.84473432532987,66.49849034759953,26.0286857566003,Rice
90.71950307058299,67.0732311905834,56.04406309804399,11.098946921348107,44.70555438064254,46.03582712019263,86.45636095226699,Maize
54.66482201877885,38.04005489704097,97.68003285106593,11.072059332631568,42.25484283119446,4.202467517140529,73.99041207669303,Cotton
91.80765521991506,28.003732955048942,85.83416767991208,29.221823046189776,91.07701616439152,75.3961903596784,80.49067768414386,Cotton
1.80065556004545,96.2810357074026,72.66709920703232,30.47510953861333,82.9394664858847,28.152119841492997,87.2753839566128,Maize
11.258039041193701,70.36859774607957,54.069847664491036,9.653447019544082,24.189382825883897,1.240403627731479,46.876796546450585,Wheat
30.126526076000037,59.83574842977588,29.72378077086172,29.99191115069847,74.31931987316034,4.814283597835345,90.28949951919873,Sugarcane
85.22638743911814,66.78046832264066,59.32215701073843,89.23024981396523,18.533017952871443,7.896916219082861,23.95101699095381,Cotton
79.45782787001903,3.4670266726483323,58.280683508348964,99.54375161913099,85.56960938375394,52.14456890435895,6.364090928664234,Maize
83.13735143857099,59.89785081772106,11.493299705956684,9.38572848233562,90.96268194365923,66.92002629380784,82.92867993167555,Maize
87.89789002822673,57.17723520483222,51.74463517550413,43.042741032099016,31.69465877911193,43.459596085871176,77.38796557301563,Wheat
60.19234310151316,89.2523289954846,44.33800143791877,60.7089578718754,63.130755309198875,59.16971623063255,70.26337730855164,Wheat
23.74334683748063,51.23637775457907,10.422480280834767,38.45113276448126,48.76670686212644,65.22242595454725,95.05310525862035,Rice
60.06510665483559,74.35939161765597,50.626605949520275,63.41040313763313,7.093221613377343,25.439158084184697,36.185309320513866,Cotton
47.249335500651355,4.564874550238374,14.002409755331769,27.68143077913058,97.15326909010507,33.134700710305076,48.20410581120825,Rice
19.609771273839293,61.07800710757682,28.068321551597432,20.699257843842677,51.65726284459791,0.5505799160420821,0.7664032649225327,Maize
21.906880910185777,3.672136250082114,10.802575413069137,33.88606493387516,80.25856795798128,57.204864336930086,51.26677259564164,Sugarcane
29.348882320812166,93.17537194328163,39.70150412371917,8.70927667957715,61.70665161178013,11.38383934766014,34.52231428016921,Sugarcane
50.74119387178089,87.42225246851758,49.35465803401187,70.22587660316643,99.28168389990704,13.148911989798162,27.47315255195195,Wheat
39.45760755976464,42.18281785388314,41.102107526554576,90.76110025565549,71.40326444668564,60.79052140907037,30.93727178627821,Sugarcane
82.37903842212947,95.5060511484989,82.11982825502265,0.15651051914729042,63.6401370183407,5.1135381442100725,25.760722033372186,Sugarcane
5.952470034777169,60.37954529493877,68.65899134926067,11.448763806590511,38.38388830449795,45.6236508955542,36.90530217609166,Sugarcane
12.102500048519305,41.89477901874754,75.11780478084181,7.100766453325546,8.018001408190345,35.47712918359842,94.1725711618925,Maize
66.85726467229141,67.86699566725648,36.1919990837865,59.36607912085384,1.0131184027743378,63.60960464095422,91.32869475762368,Sugarcane
61.25734683448192,87.3698593466345,72.39730554660937,12.055841640369025,90.24533072858418,6.644384435577488,53.39674725477638,Sugarcane
14.213712379345766,1.1706610730904066,42.2034260127639,29.504070765415623,48.6000493797603,57.71998867345508,4.373907230894735,Sugarcane
12.300329512374564,55.86423964504254,34.316735317265824,72.9173487549448,65.22916485919397,84.56043629899068,69.24928266692253,Rice
42.99310773901481,67.29666223944324,27.538117425541852,30.63134987782127,78.89851599207933,44.64195164015822,79.83803405183525,Maize
82.24223736682784,85.75623376612837,91.66352358412072,43.098522051329624,31.886681832113883,58.21987465941139,37.117242343762754,Wheat
60.1074166800233,70.55858626438246,68.84050184921368,37.45528870201213,16.68602016987528,43.05293384622075,14.259414408190874,Rice
89.00970351838083,34.58774607378574,15.445974722332378,2.5447759905750877,64.58223862864843,63.69023174547432,34.060416658129164,Cotton
7.171188884765101,40.9628894895232,31.12174950633936,67.71206397350093,60.57792494526903,36.459372819754,21.78925542549901,Maize
98.80359661555919,45.40016211961149,68.82742357802371,14.055296757836079,48.55896996593978,2.7536719869465487,50.545511791044994,Maize
96.40174071177023,38.420671298580025,3.8996012574911587,3.095579091934353,38.798675994686946,16.002493646319405,2.335209632818591,Cotton
75.62136139501769,45.85230088818907,28.924477197265453,90.00831830164807,11.613896020052561,95.59188289553192,31.396671737735282,Cotton
88.84036723086813,60.294287647946156,82.67073597414874,98.40131632104642,28.840543781874572,96.1135485407593,38.94818949024204,Cotton
38.55119047369223,34.03871042545057,54.14076073475852,15.41450431784871,55.37114853580112,54.1704812410004,76.190181260487,Wheat
83.36499619375856,44.044135031242405,30.233324935149376,25.933489731709447,19.462383670487192,5.764758219902488,34.244797883471335,Sugarcane
27.024769213078326,96.64173858664074,55.77088262500439,34.72770390305075,58.0467600993696,13.91967013456955,44.40437492022029,Maize
62.62343214210638,48.889783179245136,40.177880065432426,99.38483888996981,88.0314762148927,62.34059581594401,56.93773611822828,Sugarcane
62.06604798245841,20.131210782243325,39.51377432643186,3.945953289089932,47.554603748682666,54.302458395766315,22.77497361032096,Sugarcane
96.40288471655137,90.9454610937242,72.21432354559059,53.33866287653626,86.99691596476849,13.065234382346292,79.0509794274885,Cotton
12.48208139668483,79.42106625494054,27.576756825135696,87.7090581018189,94.40420938253979,14.879596940511563,46.267560506539354,Wheat
98.09873781626851,48.34074359731466,86.35475225145451,58.87315221313199,37.53299079196019,28.57835555258702,20.322309108608728,Rice
76.17981913776973,38.65405068230279,51.12754622007512,49.23254800011819,57.727902923313124,86.55771456245522,98.07393435834294,Wheat
40.758420857381694,82.7518922106303,76.45277946547176,57.352895145557326,95.60471436119332,20.04745155284028,10.92642103096214,Sugarcane
85.39619669554222,43.91498166337483,84.69688542070605,89.30902051954149,6.245759361907144,88.34647629860606,44.831905536942216,Wheat
51.04324890042322,62.659251109321026,92.63826067300867,1.911609442976403,47.68434683178171,68.77220424305607,72.27069576982285,Cotton
69.2532431537108,13.443512940812186,29.93955883716812,35.87155254170135,80.4437207679505,27.875987241455302,21.070496386720315,Rice
95.74480190380962,0.88632851134689,99.78208556819781,67.68212988573956,82.84692994491171,29.461939634619316,1.4315277667059978,Cotton
73.78695185615301,83.41445970006758,74.04761319535191,14.285028730083859,75.34279222569691,76.8922782107641,65.85405156700548,Rice
76.61159327955862,84.59214396777321,61.360411423745845,8.860471396967906,48.76278096672109,7.764933467160507,40.75430310324308,Sugarcane
40.71064891256276,6.600984414024158,34.88205339694793,11.099809879131485,80.82352100092221,94.76880259644707,7.231647525793861,Rice
95.51152072917014,52.25765993367452,29.95656779538739,7.686207527616351,50.06242680704178,79.45155444907486,70.70864772666981,Rice
5.022601146397376,7.290183536790352,40.28732826326371,29.52904940479433,23.238432305604782,28.10044989087136,80.34827432968846,Rice
92.92280536318539,40.510269452756646,90.61110021324971,32.1495701247882,47.64369863437916,22.602899781599973,64.0476042175844,Wheat
97.89811151748088,60.34930960433786,35.78140841135489,64.78174459905284,12.292067846538757,88.86590802653987,50.30839507798363,Wheat
44.93497420396421,58.58647884535192,62.47838627894025,7.177580622651303,68.26172212234025,24.193168031552958,71.39526325065899,Sugarcane
82.25347943841967,80.39585075525203,55.25009674078891,52.016989231075115,14.287596133941172,77.53461504031355,27.140938044671437,Rice
49.669542281794655,28.42740929275167,13.382836299969314,62.95576968917366,5.4332034822903825,74.86452341262,31.758679526111667,Maize
0.013469300448532007,51.11291392372298,4.6851908527603126,27.616955782089946,70.69764874557161,6.268962162186586,83.93384923560023,Sugarcane
0.3819922658583108,24.682386920190226,74.09040561520715,31.627014972930677,10.189238806601352,36.02339188004279,27.039328638452552,Rice
84.27119021605549,31.334791758514314,78.89324717760073,89.18721448107347,43.381741957652956,90.9943143854392,37.73180539631929,Rice
96.40784164901082,8.928952452557294,68.70192665032427,49.38140404569287,38.76488054556471,63.27118787486009,70.38570916343312,Wheat
0.43632696503090873,16.69530887471987,71.30460506343186,66.63854135782064,96.60475051286772,76.1037790250783,95.0772707731338,Sugarcane
70.25405015348069,29.805220863944314,10.536492225085647,78.18238633449356,64.4149221475916,4.818601239329623,36.005046590097834,Rice
95.67998154842861,50.04011457102012,43.272913601970465,45.7699605159294,20.88827240051637,36.87071708647952,36.98132559871766,Rice
5.2355020187472405,76.75676285179182,41.6504431903879,82.21798868164232,85.03480011198954,21.199405469865805,65.73534821701286,Sugarcane
47.22818041629817,88.0156737921485,21.57406791764541,67.78132003100443,60.775212225272256,29.53014775718328,13.660090365117261,Maize
65.16397604772766,73.85974581323308,31.562734376335,64.48326040223138,39.51309076115032,71.32068832826177,19.92152748940531,Sugarcane
89.02150026361744,28.74095964655797,36.77859877561529,5.8091952080349785,11.15122123212764,51.58619027123281,26.75926767279715,Sugarcane
83.54802257421944,1.4693388654953843,37.90940486719362,33.73455467690927,1.9327630917601035,12.436839900051023,41.36426749186353,Maize
49.28645844474466,40.42897472548691,53.093767841209385,59.51316749056815,0.992382112783563,46.409515945350385,96.34992408875883,Sugarcane
51.90322801295487,67.75422674589532,31.18638579168832,77.39913781527625,77.2921481876115,52.129604765413895,97.60138232792136,Rice
12.555021476265338,1.6947664889580993,77.0158211757096,80.71555373648826,12.020722912057625,26.55828329586061,1.755236336662891,Sugarcane
29.33086107805647,77.31418739186715,51.79605277125789,34.80955931682881,37.17392949063303,0.1353625715468154,29.98005275652359,Maize
64.64587416379305,97.41944438163571,84.70608269838995,2.3594964645529126,89.85606046748393,78.3198413298626,78.03761235709804,Cotton
45.79957590035715,39.80052929545028,30.29157288331926,6.569485895436578,22.82353634936991,24.66036349780246,48.40770697102016,Sugarcane
74.7444406596694,47.38098283979466,5.784444944716061,95.77898009882038,94.27243190941122,78.51895431484084,99.13279015642206,Wheat
54.448233280026294,96.27683502532061,7.560504061675077,36.568074826137135,22.538126800676583,19.583308413427,14.08029488926761,Rice
62.241364156599666,78.1321855747305,57.82983994203607,14.696270958820968,81.11237699334708,63.59547071637285,38.81657061269955,Rice
67.4130295536063,25.990497924283286,34.51922084942105,91.74858431319902,29.05045056714204,46.99882681579366,89.01411373960147,Wheat
70.77213502675275,6.220322616470275,14.730304427897034,0.7841590771916818,63.09217902291634,44.767342541041835,13.427485090227552,Wheat
95.79341210567705,52.96597239456199,24.189329411288917,50.06035711547076,67.96203327351078,7.623921797356448,27.4703815047892,Sugarcane
80.69654908839937,45.966487040266124,54.65771420322949,43.28160022094693,4.389994264300512,16.574977982015593,44.554163874189086,Wheat
20.918546540792782,4.997902865967873,84.36496640518237,98.11925291641158,79.31428739967394,85.3784921704667,24.197713031704538,Cotton
96.06269755131997,19.692570445342838,95.14298103618323,99.4819293965951,71.17228057460487,98.1143731791822,56.95397795671037,Maize
25.954178317609035,43.699588566562085,59.35609353787859,7.308156202701499,62.234326461724606,98.11778367622945,19.010764978372762,Wheat
79.25951162883833,90.78987937796194,94.37015928202209,96.01356044054472,52.14596387214719,97.73079079915037,75.73102071344388,Wheat
16.16714362369619,47.690010646797,71.8331175372004,24.734031581908333,64.06151835488873,66.66004790466192,16.26997438085659,Cotton
56.50853124527563,77.16269109786077,49.88956645359419,1.2103116776107425,0.9038469079292177,35.702934397001215,92.6194068431782,Rice
22.867677960360876,63.43636888716871,22.207587069332057,32.16699896595486,84.8042089601484,72.88614422699469,9.539927731321063,Rice
42.87020209864336,2.916976364526447,48.0890146603009,66.24340117010681,11.850262359815156,28.888493890916568,39.783662550215695,Sugarcane
91.95310246560497,99.32550154229641,4.491129899561585,76.1007923495392,37.17240664023432,39.245818622948,75.42649733470228,Cotton
91.84264321454087,95.09285945025483,57.712258603832076,35.71211593005028,78.75490858587793,25.100138326230027,56.40740288335178,Maize
35.85784615248732,65.66310737078761,24.03989128935069,19.159294573482576,91.8239086675437,10.18036829495369,50.595790773493164,Maize
22.085278296300892,3.892996332566745,3.601881829142639,17.522177210582733,86.67703545060003,28.247874397702667,95.04591705752958,Cotton
58.16222929891936,43.66141897687661,58.00888346694546,51.669838522626776,75.87762537573252,28.249606597285226,35.30503916003024,Maize
89.40943025332507,94.64565131504055,89.25582274864745,41.94479939573136,78.03655030068816,47.63357333010988,49.75398521461022,Rice
20.468010905728395,59.113030325851646,18.613589775334795,33.15646990671938,85.50302016199352,20.707580921085523,7.115828517343282,Maize
6.90075926128163,94.07845205031079,50.69204379618346,40.941207181701834,81.08785810079185,83.5825927910516,33.21910331156046,Maize
69.36180574737952,77.11228158518865,65.46506868659546,15.159507480009937,87.5883083517057,53.90945527360087,28.24724263700037,Cotton
42.52281854376939,3.757109039890738,12.786680122241755,76.55467505158609,0.0011634755366141114,41.65658284822922,52.251018108558846,Cotton
5.4634420000972295,97.30781629723329,22.612533124967193,30.419871963628086,30.39425122550273,23.04166621173499,0.1473822086311416,Maize
72.93447940879963,96.68454997992853,22.429348328504506,66.30471918034225,74.18963269587151,84.84253790905247,42.262919701360914,Wheat
30.293090564042924,32.52951340230311,71.26213330985128,81.6779466505636,18.161396775660265,37.09410081577652,90.19401967491501,Cotton
80.66935196947392,98.48584027624759,75.42482596820807,39.319520102792225,59.06378339946377,66.10142542473203,7.845581631712395,Sugarcane
54.44969591038651,70.93208284726096,16.732130400106037,78.06317174255571,58.37727805141116,95.22217856975946,4.24222982068917,Sugarcane
26.5326137555467,60.15538792998241,29.65599122059307,71.44241640712423,75.9005282521931,10.251596406647446,51.38544642067677,Rice
50.889055559105586,36.92807702155411,93.29248625696721,82.75063198732212,69.72093819096368,71.43266357349975,46.17161438131191,Maize
92.09945210965759,69.45954272532853,72.89810616558164,86.16909037873452,27.4071589342191,80.7070903866703,19.524060295649203,Wheat
34.53419522448878,33.56104542698427,97.85254683891405,85.65372237479268,70.11698615902597,72.70567616153902,56.20727944025711,Rice
94.70906671085191,49.62587528823615,38.05177098698945,16.3035336931591,78.6205652261058,73.44439320755914,38.43550385241349,Maize
2.519341395922936,83.89973277180107,1.1417983454073632,70.3699779629051,97.02571097260571,43.766132814820345,23.497340499595275,Cotton
70.48710100433817,81.71281420155852,54.64303160778473,96.70352752561462,5.166872165796111,50.479559830452814,71.845394732255,Sugarcane
86.2640471149179,17.925561190779003,80.00034817636814,55.27070757185453,39.65536819899632,13.171502857909356,86.52957589089124,Wheat
15.727320817971535,30.978785920909925,29.004553196243688,87.14140341908544,67.2702994208898,79.66813971913723,25.046789879249896,Sugarcane
62.48740996069989,57.17459831437487,83.28303767882711,90.60870604812605,1.2156771477386807,67.40199190587927,5.1835799119729025,Cotton
54.88586650773559,28.76327290436782,30.67765995221412,35.29585034523566,62.12924490496101,33.40499656687692,73.26990505902803,Maize
40.45273855738697,6.835320030995861,78.37598424841073,28.5758324592706,43.276687959926264,68.54438832219016,33.2456157148712,Cotton
5.658565614671563,37.39210470128136,94.44485826943034,64.17343972985582,67.1479148667207,63.22821536376399,19.899213895943678,Cotton
41.833386410228016,75.09397983633183,10.137289755315916,27.785277608971228,27.631910846585363,43.2018927594506,98.0368740942185,Sugarcane
6.750254668382194,51.870099438059505,17.936468201221047,97.06765454097442,11.33035047274642,40.36010023615913,73.78849848346061,Wheat
70.45544280274453,42.272863689393226,34.652416795271826,39.76123785528706,26.42762631586393,20.53329387067998,48.303969755889,Cotton
26.853375606760732,28.746166489725013,65.67560634745571,96.85373316998923,60.363720055937506,7.697946706496628,7.558361385406698,Sugarcane
95.1423220845566,29.729079030733363,9.206698608247542,59.90445871503815,62.36487782902661,64.85048201186882,26.74020278575413,Wheat
1.5110684214475034,96.50153694544719,25.089304569110247,67.60262880525475,70.66298698787095,61.00074170794857,31.290739421364822,Maize
27.109625376406576,59.76682827027031,86.60956336116915,94.67337289233956,10.590580440375764,15.482861259771985,94.47362587830797,Maize
73.65352283347926,88.29938248297731,20.263263413534315,58.758587110940184,70.11395944174737,68.01118854469726,40.81516908666981,Rice
1.5394891691308477,58.29260568042631,25.310153917960875,45.02542461428904,95.75810150838173,39.903531764243475,83.98016066644267,Sugarcane
18.854060574925114,67.24604980250288,97.70069544389435,10.189310087293679,0.8319942227192012,43.35827926326144,9.26254830513672,Wheat
74.83843496762313,91.45486638485589,43.402097270875885,25.871164215544095,43.44033190066098,72.3447817850001,0.9054161580370979,Cotton
58.945398948469716,61.329168488737906,63.76882468959355,24.202207998087722,71.40527233781268,9.13914863317764,19.92703364668008,Maize
87.74700466544819,73.87231507265663,1.3745554011345251,24.83762603698002,21.440648299316457,27.080632803697256,24.755977027988642,Wheat
6.252629574284574,45.894051659682034,73.27334747861651,60.67317247174364,67.28716685980798,8.114917853623915,95.14907101767872,Sugarcane
83.84918338430248,80.50903184956627,82.29838050417675,93.27105081327613,54.42539661136977,20.02820178676259,61.678360785254114,Rice
74.2881493667939,73.79173933540254,52.14490241668801,6.845871933357806,37.11129384301278,92.07666084633573,58.4448909757426,Maize
53.83319432557134,26.885351438219352,36.84489199165789,89.53460891531692,66.64630475268358,78.73870267523328,45.434542306765515,Wheat
63.024721945615795,24.838360874320752,70.54608302834863,42.76013337033373,44.25455148147456,64.93223245768817,93.62806214689266,Wheat
6.400634660862092,82.47432373470076,29.238311041219312,44.391945450637785,2.1913328775008956,30.1046077834313,50.26312426301305,Wheat
5.617607734743901,49.10957293831652,92.71106288584274,10.539321810780521,76.44407280755044,40.967105337599264,65.5173714524338,Sugarcane
26.023659798522935,15.949226254135828,16.046261427122644,7.049194564314465,18.564670490124303,66.42193849889682,88.16906118435081,Sugarcane
81.41256855911618,68.51343098744842,11.043186341110268,28.918744629594983,30.980687532246897,24.99569463976212,51.50056597097231,Sugarcane
53.55538148796726,35.68859751711102,35.3789158736436,82.85555979060814,78.92928483196856,30.779583168074566,91.37884438732593,Cotton
95.2815017002506,32.67425420300408,35.442494879305485,50.56341534219588,94.11208125336735,87.63194331423115,10.25679625835898,Wheat
39.27307432714162,55.33711897497719,50.313247255154,19.38630679368927,85.88167711681547,67.69407829968374,83.79083748518036,Maize
85.87642793494722,74.83558536657398,43.92106012497173,61.054675501542455,16.036540611974313,67.36454174749078,17.925325573928074,Sugarcane
69.39495905101568,22.959816075396866,11.755130015021997,16.52844901429574,0.1992135219070268,71.87396178535302,73.24010490583791,Sugarcane
51.493334991325945,16.13628010553837,8.355433751068976,1.912896643728701,16.57481769652207,89.08555349831467,24.153684170168177,Wheat
35.42713272172156,10.534548448133318,22.236130474817028,51.922457078020514,60.775268309565256,24.535231416621105,5.773215922511721,Sugarcane
39.10328691273987,23.420337092633414,21.955392322980195,95.98628027134552,61.63004859257241,55.68784431720959,41.57751035233219,Cotton
42.89443334301443,54.090500383808084,69.64298070361072,70.21460961818295,17.169390770544958,50.0112752076627,41.195809503410196,Cotton
87.05269662693841,63.14189212183764,53.25040664159818,11.539464217891737,60.56378893234115,11.720390568023342,33.720657556575205,Sugarcane
14.284196481433186,69.20736470243689,20.62521138361526,39.1859373188026,89.56747776187787,20.431638339897027,50.780506395877914,Wheat
41.9271661166022,1.8124041045729733,79.27581135728128,6.904590631459973,47.42550209769536,56.06782949389499,62.842645661458704,Wheat
68.86316293078755,25.327238352271507,0.9978776658449373,72.3443662354912,53.56565993475786,83.61177032072487,82.13883629006943,Wheat
84.33261677878832,48.50946599795402,33.362839583686565,79.155820259137,45.12941130292549,18.34421964034345,85.49740195614743,Rice
88.25598767723473,46.63097561401701,7.569972730978747,38.782608991693124,80.35376594626034,90.17740285462287,20.347274249759582,Sugarcane
6.697361202527152,87.73504531328386,38.94049389788753,54.176096426756324,96.80658120507589,6.656472791422285,64.83180074520956,Wheat
7.410542257486707,37.54689284665004,80.38145451934467,43.34722327556344,99.71823539029504,55.905928494660216,32.11621526359535,Cotton
22.011132590475313,35.05205342861618,37.25332737595508,6.8713677723960975,36.95741994267732,46.423851973922496,72.27377522388046,Maize
65.6729484721608,70.87656552291543,0.8363681876857099,21.766739958053606,66.16842883998565,48.398936817974715,0.5313475668345946,Maize
80.44946424318223,77.28095732903374,54.841916299356264,6.646332577627212,76.65150495325847,58.37135877313639,78.19599771579591,Wheat
75.17469923958404,80.30020719578371,51.80080664046248,14.032451819351499,67.11574733796887,62.04737850519706,74.22531871990871,Maize
16.98810060507353,19.497519990028923,89.04095172193284,74.99777984520708,90.82284887003229,75.87153211639207,59.71553059903019,Maize
65.41327370278736,88.91279239400099,57.88067545119405,63.239132432838744,15.647671600360058,47.39212201161027,71.6397111958099,Rice
27.09426983163654,20.22541805245349,31.382680822441557,24.150062799283344,21.491263703639586,42.48508428680869,90.78385138835341,Cotton
50.705964673871826,18.792038081532304,7.697166938087408,69.61561451379252,38.279876443638784,82.18309465853592,65.95107686407702,Cotton
79.62414505413685,27.194603941844875,69.2358922461058,26.406198469371876,93.90684794502916,63.63742815333744,32.451180017534206,Rice
26.951186229227265,19.09265850716435,69.46409588937279,21.87156129979273,59.53032659274891,26.463502692535734,66.19689447938686,Rice
81.49397285405392,77.80252431446532,76.08513309307817,18.772240569225207,8.838494698451871,69.89488284873856,36.83472137943513,Maize
43.23462264033473,3.1149092793391064,25.95764492750492,3.3676403874464023,87.91857726012476,24.339668321853047,55.73371695730081,Sugarcane
3.897932066113041,66.6847391305658,32.30273457540939,89.79191869576658,88.81181889340358,32.529061836174776,90.09608956904678,Maize
99.61576734987788,82.5415664123948,84.4871347755229,24.90087361090899,57.67023988577563,6.725591396736785,9.491793682166971,Rice
99.88926120332906,32.663924942591095,74.81839120488463,80.66650530268164,85.80232710072292,99.76282974021565,24.149648525686786,Cotton
4.035082685969971,41.1191517994586,13.008066982894695,2.2425889162055124,36.04268271414861,78.37382510752364,56.61806912250709,Maize
31.277798921035405,65.43420054927196,23.20181803088107,1.4381446072085025,76.43533864364274,62.374308486400906,76.23026245009599,Sugarcane
3.893801668766561,83.71196278306522,61.95262000363033,56.33953507126401,62.46140481145316,86.4433246868364,58.69365065589071,Maize
58.095037988817936,99.06791570657658,75.6730167068568,44.22938054511353,70.73970000329277,38.92304716917885,22.8875462483499,Wheat
59.68518768877594,92.81820981139515,92.91395200154628,34.19052781054903,52.7677466221695,21.16358985698612,99.56311094988834,Maize
98.11179078679358,64.95089297074473,80.44140596774734,71.51001612837,59.31582190394682,5.3347996988897695,45.476434255266106,Rice
67.47863021674105,67.75316138836847,37.31226184223836,94.16919866580305,16.7357032236781,50.03594462155606,69.08839765508228,Cotton
69.71358058918092,64.86389567688155,27.528821345186017,15.620656868662197,63.594032682671084,59.930211613943776,17.935601028924097,Cotton
70.51391455705634,45.51719917336564,66.7760591603153,83.73670797701507,16.972842857692317,1.9144867996836679,77.91025863957867,Rice
60.96974251526159,69.96395696221217,83.81549749886426,80.28109348245005,96.09201469288247,53.59350788521182,48.84956326599054,Wheat
40.18871998907301,15.369104284420454,57.26072328820224,27.70125243259788,92.13075122129754,58.31908042770976,59.284018050811014,Rice
35.492466087701004,5.198935197770749,3.174376537298862,42.33351441531975,8.456537809723786,60.68469555401391,88.09730056396575,Maize
88.29148165187222,65.90454101322324,21.1231831472931,86.29968313588721,88.60934353132082,19.66535849529587,73.74260857706773,Rice
